{
  "hash": "2ee6838e",
  "configHash": "b31e89da",
  "lockfileHash": "e4b98e1e",
  "browserHash": "afac3ea1",
  "optimized": {
    "@angular/common": {
      "src": "../../../../../../node_modules/@angular/common/fesm2022/common.mjs",
      "file": "@angular_common.js",
      "fileHash": "dff80df2",
      "needsInterop": false
    },
    "@angular/common/http": {
      "src": "../../../../../../node_modules/@angular/common/fesm2022/http.mjs",
      "file": "@angular_common_http.js",
      "fileHash": "29fa4ca6",
      "needsInterop": false
    },
    "@angular/core": {
      "src": "../../../../../../node_modules/@angular/core/fesm2022/core.mjs",
      "file": "@angular_core.js",
      "fileHash": "31260795",
      "needsInterop": false
    },
    "@angular/platform-browser": {
      "src": "../../../../../../node_modules/@angular/platform-browser/fesm2022/platform-browser.mjs",
      "file": "@angular_platform-browser.js",
      "fileHash": "edb56542",
      "needsInterop": false
    },
    "@angular/router": {
      "src": "../../../../../../node_modules/@angular/router/fesm2022/router.mjs",
      "file": "@angular_router.js",
      "fileHash": "3fc55ade",
      "needsInterop": false
    }
  },
  "chunks": {
    "chunk-X2WNGX7F": {
      "file": "chunk-X2WNGX7F.js"
    },
    "chunk-YO4KJRPS": {
      "file": "chunk-YO4KJRPS.js"
    },
    "chunk-4263M7TP": {
      "file": "chunk-4263M7TP.js"
    },
    "chunk-2XD5Y3L2": {
      "file": "chunk-2XD5Y3L2.js"
    },
    "chunk-2M4UMX5N": {
      "file": "chunk-2M4UMX5N.js"
    }
  }
}