{
  "hash": "d43baa8f",
  "configHash": "d4141b49",
  "lockfileHash": "ae623910",
  "browserHash": "e11285e0",
  "optimized": {
    "@angular/common": {
      "src": "../../../../../../node_modules/@angular/common/fesm2022/common.mjs",
      "file": "@angular_common.js",
      "fileHash": "c3cbe79b",
      "needsInterop": false
    },
    "@angular/common/http": {
      "src": "../../../../../../node_modules/@angular/common/fesm2022/http.mjs",
      "file": "@angular_common_http.js",
      "fileHash": "33973912",
      "needsInterop": false
    },
    "@angular/core": {
      "src": "../../../../../../node_modules/@angular/core/fesm2022/core.mjs",
      "file": "@angular_core.js",
      "fileHash": "52c8732d",
      "needsInterop": false
    },
    "@angular/platform-browser": {
      "src": "../../../../../../node_modules/@angular/platform-browser/fesm2022/platform-browser.mjs",
      "file": "@angular_platform-browser.js",
      "fileHash": "a1069335",
      "needsInterop": false
    }
  },
  "chunks": {
    "chunk-NJO74CKJ": {
      "file": "chunk-NJO74CKJ.js"
    },
    "chunk-GXLWLG7D": {
      "file": "chunk-GXLWLG7D.js"
    },
    "chunk-T37DCCTV": {
      "file": "chunk-T37DCCTV.js"
    },
    "chunk-RBLDFDVO": {
      "file": "chunk-RBLDFDVO.js"
    }
  }
}