{
  "hash": "ba2b137a",
  "configHash": "37b1cb58",
  "lockfileHash": "348565c1",
  "browserHash": "e8c5bae9",
  "optimized": {
    "@angular/core": {
      "src": "../../../../../../node_modules/@angular/core/fesm2022/core.mjs",
      "file": "@angular_core.js",
      "fileHash": "76bc4d7b",
      "needsInterop": false
    },
    "@angular/platform-browser": {
      "src": "../../../../../../node_modules/@angular/platform-browser/fesm2022/platform-browser.mjs",
      "file": "@angular_platform-browser.js",
      "fileHash": "f2bef223",
      "needsInterop": false
    },
    "@angular/router": {
      "src": "../../../../../../node_modules/@angular/router/fesm2022/router.mjs",
      "file": "@angular_router.js",
      "fileHash": "b95d1f35",
      "needsInterop": false
    },
    "@angular/forms": {
      "src": "../../../../../../node_modules/@angular/forms/fesm2022/forms.mjs",
      "file": "@angular_forms.js",
      "fileHash": "9e215918",
      "needsInterop": false
    }
  },
  "chunks": {
    "chunk-C5D6QFB3": {
      "file": "chunk-C5D6QFB3.js"
    },
    "chunk-GDCUOLE7": {
      "file": "chunk-GDCUOLE7.js"
    },
    "chunk-UXJAXTXK": {
      "file": "chunk-UXJAXTXK.js"
    }
  }
}