{
  "hash": "8c3e9f2d",
  "configHash": "f807b690",
  "lockfileHash": "8f79bd6e",
  "browserHash": "c7578a54",
  "optimized": {
    "@angular/common": {
      "src": "../../../../../../node_modules/@angular/common/fesm2022/common.mjs",
      "file": "@angular_common.js",
      "fileHash": "855fcf60",
      "needsInterop": false
    },
    "@angular/core": {
      "src": "../../../../../../node_modules/@angular/core/fesm2022/core.mjs",
      "file": "@angular_core.js",
      "fileHash": "0367c50b",
      "needsInterop": false
    },
    "@angular/forms": {
      "src": "../../../../../../node_modules/@angular/forms/fesm2022/forms.mjs",
      "file": "@angular_forms.js",
      "fileHash": "5114a664",
      "needsInterop": false
    },
    "@angular/platform-browser": {
      "src": "../../../../../../node_modules/@angular/platform-browser/fesm2022/platform-browser.mjs",
      "file": "@angular_platform-browser.js",
      "fileHash": "2952f228",
      "needsInterop": false
    }
  },
  "chunks": {
    "chunk-7OTUQRU5": {
      "file": "chunk-7OTUQRU5.js"
    },
    "chunk-42BINX4R": {
      "file": "chunk-42BINX4R.js"
    }
  }
}